lead_source_id,lead_source_name,channel,source_category,is_paid_source,lead_count,contacted_leads,qualified_leads,converted_leads,converted_clients,funded_clients,net_new_assets,average_latest_assets,contact_rate,qualification_rate,lead_to_client_conversion_rate,funded_client_rate,net_new_assets_per_converted_client
1,Website Consultation Request,Digital,Inbound,True,227,136,93,36,36,36,2791804.9899999998,440966.05638888886,0.5991189427312775,0.6838235294117647,0.15859030837004406,1.0,77550.1386111111
2,Retirement Planning Webinar,Digital,Education,True,267,165,105,28,28,27,1604987.1,496415.8488888889,0.6179775280898876,0.6363636363636364,0.10486891385767791,0.9642857142857143,57320.96785714286
3,Employer Plan Rollover,Workplace,Rollover,False,278,191,127,63,63,56,5885846.49,580354.5660714286,0.6870503597122302,0.6649214659685864,0.22661870503597123,0.8888888888888888,93426.13476190476
4,Client Referral,Referral,Referral,False,252,167,121,54,54,52,7158361.25,698118.4665384615,0.6626984126984127,0.7245508982035929,0.21428571428571427,0.9629629629629629,132562.24537037036
5,Paid Search,Digital,Paid Media,True,263,169,129,22,22,20,410621.83999999997,182529.3715,0.6425855513307985,0.7633136094674556,0.08365019011406843,0.9090909090909091,18664.62909090909
6,Branch Event,Event,Local Event,True,249,161,110,30,30,29,2036533.01,387620.35000000003,0.6465863453815262,0.6832298136645962,0.12048192771084337,0.9666666666666667,67884.43366666666
7,Existing Client Expansion,Relationship,Cross-Sell,False,264,173,120,51,51,50,4316768.13,381232.5668,0.6553030303030303,0.6936416184971098,0.19318181818181818,0.9803921568627451,84642.51235294118
